mode,size,iterations,error,time_s
host,128,30074,9.999803e-07,1.540
host,256,102885,9.999302e-07,20.763
host,512,339599,9.999842e-07,298.631
multicore,128,30074,9.999803e-07,5.884
multicore,256,102885,9.999302e-07,53.777
multicore,512,339599,9.999842e-07,175.739
multicore,1024,1000000,1.369286e-06,729.293
gpu,128,30074,9.999803e-07,1.436
gpu,256,102885,9.999302e-07,4.784
gpu,512,339599,9.999842e-07,16.844
gpu,1024,1000000,1.369286e-06,98.664
gpu,512,339601,9.999464e-07,8.936
